id,submitted,A1_role,A2_age,A3_gender,A4_school,A5_origin,A6_courses,A7_hours,A8_access__none,A8_access__screenreader,A8_access__captions,A8_access__dyslexia,A8_access__motor,A8_access__contrast,A8_access__na,A9_tech,B1_freq,B2_devices__laptop,B2_devices__desktop,B2_devices__phone_browser,B2_devices__phone_app,B2_devices__tablet,B3_primary,B4_session,B5_features__announcements,B5_features__assignments,B5_features__grades,B5_features__modules,B5_features__calendar,B5_features__inbox,B5_features__discussions,B5_features__quizzes,B5_features__recordings,B5_features__groups,B5_features__syllabus,B5_features__none,B6_deadline__canvas_cal,B6_deadline__email,B6_deadline__push,B6_deadline__in_class,B6_deadline__peer,B6_deadline__syllabus,B6_deadline__own_cal,B6_deadline__late,B7_notif,B8_lost,B9_tools__paper,B9_tools__calendar,B9_tools__notes,B9_tools__chat,B9_tools__email,B9_tools__none,C1_find_fast,C2_find_slow,C3_notif_useful,C4_notif_noise,C5_mobile,C6_consistent,C7_uptodate,C8_confident,C9_accessible,C10_group,C11_satisfaction,C12_ease,D1_rank__materials,D1_rank__deadlines,D1_rank__grades,D1_rank__communication,D1_rank__recordings,D1_rank__groupwork,E1_frustrate,E2_helped,E3_more,PC1,PC2,Segment
R001,2026-09-08 14:10,lecturer,30-39,female,tisem,nl,2,1-8,1,0,0,0,0,0,0,6,several,1,1,0,0,0,desktop,gt30,1,1,1,1,1,0,1,0,0,0,1,0,0,0,0,0,1,0,1,0,inapp,1,1,1,0,0,1,0,4,4,5,7,3,4,4,5,5,3,5,5,2,4,1,3,6,5,"Extending a deadline for three students with an arrangement means editing the assignment, adding a section override, and hoping the dates don't shift for everyone else.","Students see their grades and feedback at the same moment, no more 200 emails.",,-1.762,1.714,S4 Power Instructors
R002,2026-09-08 15:54,msc,21-24,male,tls,eu,3,0,0,0,1,0,0,0,0,6,4-6,1,0,0,1,0,laptop,gt30,0,1,0,1,1,0,1,0,0,0,0,0,0,0,0,0,0,0,1,0,push,2-3,1,0,1,1,0,0,2,6,2,4,3,2,3,6,4,3,4,5,1,3,4,6,2,5,"I was looking for the reading list for week 4 of Linear Algebra. One lecturer puts readings in Modules, another in Files, another in a PDF under Syllabus. I spent 15 minutes clicking around","Not much, it does the job.",A proper reading list with status (read / to read) would be great.,2.285,2.185,S2 Structured Scholars
R003,2026-09-08 16:10,phd,30-39,female,other,eu,1,0,1,0,0,0,0,0,0,5,daily,1,1,0,0,0,laptop,5-15,1,1,0,1,0,0,0,0,1,0,0,0,1,1,0,1,1,1,1,0,email,2-3,0,1,1,1,0,0,3,3,6,4,4,3,6,6,6,6,4,4,1,3,4,6,2,5,The syllabus page was empty in 3 of my 4 courses. The actual course guide was a PDF somewhere in Files.,"The Modules page for Qualitative Methods was set up week by week with readings, slides and the recording in one place. That is how every course should look.",I use Notion for everything and Canvas is just the place where files live.,0.003,2.569,S2 Structured Scholars
R004,2026-09-08 16:21,lecturer,40-49,male,tshd,nl,3,9-16,1,0,0,0,0,0,0,3,1,1,1,0,0,1,desktop,5-15,0,0,0,0,0,0,0,0,1,1,0,0,0,0,0,0,0,0,1,0,email,2-3,0,1,0,0,1,0,3,5,2,4,3,2,4,2,2,5,1,1,1,2,4,3,5,6,Uploading a 200 MB recording failed twice without any message.,Grades were visible to students without me having to send them individually,Training once a year is not enough; I need help at the moment I am doing it.,3.71,-2.842,S5 Reluctant Instructors
R005,2026-09-08 18:55,msc,21-24,female,other,nl,2,0,1,0,0,0,0,0,0,6,4-6,1,0,0,0,1,laptop,gt30,0,1,1,1,1,1,1,0,1,1,1,0,1,0,0,1,0,0,1,0,inapp,1,0,1,0,1,0,0,3,6,3,5,4,2,5,4,5,4,2,5,3,2,4,5,1,6,"Group project files were spread across Canvas groups, Google Drive and WhatsApp. Canvas Collaborations didn't work with our university accounts.",,,1.942,1.078,S2 Structured Scholars
R006,2026-09-08 19:15,msc,25-29,male,tisem,noneu,3,9-16,1,0,0,0,0,0,0,6,daily,1,0,0,0,0,laptop,gt30,1,1,0,1,0,0,0,0,1,0,0,0,0,1,0,0,1,0,0,0,off,2-3,0,1,1,1,0,0,3,5,4,4,3,4,4,5,6,5,4,4,1,3,4,5,2,6,"trying to see the deadlines of all courses in one view. Exported the calendar feed to Google Calendar, but half the assignments had no dates so they never appeared.","The calendar feed into Google Calendar, once the lecturer actually dated everything.",A proper reading list with status (read / to read) would be great.,0.922,1.664,S2 Structured Scholars
R007,2026-09-08 19:34,bsc,17-20,male,tshd,nl,5,1-8,0,0,1,0,0,0,0,5,several,1,0,0,1,0,phone,lt2,1,1,1,1,0,1,0,0,0,1,0,0,0,0,1,0,0,0,0,0,inapp,2-3,0,0,1,1,0,0,3,5,5,5,3,4,2,4,5,4,3,4,3,1,2,4,5,6,"Checking my grade for the Deep Learning midterm: the number was there but the class average was hidden, so I couldn't tell if a 6.1 was good or bad.",The announcement about the room change came right before the lecture; I would have gone to the wrong building.,,-1.973,-2.043,S1 Deadline Sprinters
R008,2026-09-08 20:46,bsc,25-29,male,tshd,nl,5,17-24,1,0,0,0,0,0,0,4,4-6,1,0,1,1,0,laptop,5-15,1,1,1,1,1,0,0,0,1,1,0,0,1,1,0,0,1,0,0,0,email,1,0,1,0,1,1,0,5,3,3,3,5,3,6,6,5,3,6,4,3,2,4,5,1,6,Came back after a week of night shifts and the Developmental Psychology module for that week had 14 items. Which of these do I actually need before the tutorial?,Being able to submit from my phone during a break.,,0.031,0.529,S3 Overloaded Jugglers
R009,2026-09-08 21:06,lecturer,40-49,male,tisem,noneu,1,9-16,0,0,1,0,0,0,0,3,1,1,0,1,0,0,desktop,5-15,1,0,0,1,0,0,0,0,0,0,0,0,0,0,0,0,1,1,1,0,email,2-3,0,1,0,0,1,0,2,5,5,4,6,1,2,2,4,1,2,1,1,3,4,2,5,6,"I do not use the calendar; my secretary keeps my agenda. But students expect the deadlines to be in Canvas, so there is always a mismatch.","Nothing comes to mind, honestly.",,3.895,-2.756,S5 Reluctant Instructors
R010,2026-09-08 21:35,bsc,17-20,female,tshd,noneu,4,9-16,1,0,0,0,0,0,0,5,several,1,0,0,1,0,phone,lt2,1,1,1,1,1,0,1,1,0,0,0,0,0,1,1,0,1,1,0,0,push,2-3,0,0,0,1,0,0,3,5,5,4,1,4,4,5,4,3,5,5,5,1,2,3,4,6,"Discussion post for Philosophy of Mind counted as an assignment, so it showed up in my grades as 0 for a week and freaked me out.",,,-3.062,-1.57,S1 Deadline Sprinters
R011,2026-09-08 23:14,msc,17-20,female,tisem,nl,4,9-16,1,0,0,0,0,0,0,7,several,1,1,0,1,0,phone,2-5,1,1,1,0,1,1,0,1,1,0,0,0,1,0,1,0,0,0,0,1,push,0,0,1,0,1,0,0,4,4,5,6,4,6,5,4,6,3,4,3,3,1,2,4,5,6,Wanted to see what is due this week across all my courses. The dashboard cards each show something different and the calendar only shows things the teacher put a date on.,,I basically live in WhatsApp groups for each course; that's where the real info is.,-2.868,-0.913,S1 Deadline Sprinters
R012,2026-09-09 00:21,msc,25-29,male,tshd,nl,4,17-24,1,0,0,0,0,0,0,4,2-3,1,0,0,1,0,phone,15-30,0,1,1,1,0,0,1,0,1,1,0,0,0,0,0,0,0,0,1,0,email,4-6,0,1,0,1,0,0,4,2,4,5,4,2,3,3,4,3,3,4,4,1,3,5,2,6,Notification emails arrive during my working hours and are gone from my head by the evening. I have missed two small deadlines that way.,"Seeing on Sunday evening exactly what is due in the coming week, at least for the courses that date their assignments.",a weekly digest of what changed and what is due.,0.177,-2.707,S3 Overloaded Jugglers
R013,2026-09-09 01:46,phd,21-24,na,tls,nl,2,0,1,0,0,0,0,0,0,5,several,1,0,1,0,0,laptop,15-30,1,1,0,1,0,0,0,0,0,1,0,0,0,0,0,0,1,0,0,0,email,1,0,1,1,1,1,0,4,4,4,4,4,4,4,4,4,4,5,3,1,3,4,5,2,6,nothing really,,,0.791,1.322,S2 Structured Scholars
R014,2026-09-09 02:09,bsc,21-24,male,tisem,nl,6+,17-24,0,1,0,0,0,0,0,5,daily,1,0,1,0,0,laptop,gt30,1,0,0,1,1,0,0,0,1,0,0,0,0,0,0,0,1,0,1,0,email,2-3,0,1,1,1,1,0,1,6,3,4,2,1,5,5,1,5,3,3,1,2,3,5,4,6,"Scanned PDFs uploaded as images: my screen reader reads nothing, and the text-to-speech I use for dyslexia can't read them either.",,,2.59,0.625,S6 Access-First Learners
R015,2026-09-09 03:06,bsc,25-29,male,tshd,eu,3,9-16,1,0,0,0,0,0,0,5,4-6,1,0,0,1,0,phone,2-5,1,1,1,0,1,0,0,0,1,0,0,0,0,1,0,0,1,0,0,0,push,1,0,0,0,1,1,0,5,2,5,6,3,4,4,6,5,3,4,4,3,2,6,4,5,1,Wanted to see what is due this week across all my courses. The dashboard cards each show something different and the calendar only shows things the teacher put a date on.,Nothing specific.,,-2.239,-0.635,S1 Deadline Sprinters
R016,2026-09-09 04:04,bsc,17-20,female,tshd,eu,4,1-8,1,0,0,0,0,0,0,6,daily,1,0,0,1,0,phone,lt2,1,1,1,1,1,0,0,0,0,0,0,0,1,0,1,0,0,0,0,0,push,0,0,1,0,1,1,0,5,3,6,6,2,2,5,7,4,3,4,3,3,1,2,4,5,6,"Notification said 'new comment on your submission'. I opened it, no comment visible. Had to open it on a laptop to see the feedback.",When the teacher replied to my comment on my submission I saw it immediately in the app.,,-3.233,-0.566,S1 Deadline Sprinters
R017,2026-09-09 09:09,bsc,21-24,female,tls,nl,4,9-16,1,0,0,0,0,0,0,7,daily,1,0,0,1,0,phone,lt2,1,1,1,0,0,0,0,1,0,0,0,0,1,1,0,1,0,0,0,0,inapp,1,0,1,0,1,1,0,4,3,5,7,3,5,5,3,5,5,5,3,4,1,3,2,5,6,I wanted to quickly check if the lecture was cancelled. Had to go dashboard > course > announcements > scroll. Three taps too many when you are on the bus.,Seeing the exact time left before a deadline on the assignment page.,,-3.206,-2.275,S1 Deadline Sprinters
R018,2026-09-09 09:22,msc,25-29,male,tls,nl,4,9-16,1,0,0,0,0,0,0,4,4-6,1,0,0,1,1,laptop,5-15,1,1,0,1,1,0,1,1,1,1,0,0,0,0,0,0,0,1,0,1,email,1,1,0,1,0,0,0,3,4,5,5,3,2,4,6,6,2,4,4,1,3,4,6,2,5,"Downloaded all the slides for Consumer Behaviour to make notes; every file had a different naming scheme, so sorting them in my notes app was manual work.",Downloading all files of a module in one zip.,,0.704,1.077,S2 Structured Scholars
R019,2026-09-09 09:34,msc,30-39,male,tisem,noneu,2,0,1,0,0,0,0,0,0,5,several,1,0,1,0,0,laptop,gt30,0,1,0,1,0,0,1,0,1,1,1,0,1,0,0,0,0,0,1,0,inapp,0,0,1,1,1,1,0,1,7,3,5,5,3,4,5,6,3,3,2,1,3,4,6,2,5,"Modules is one long scroll. There is no overview of the course structure, no 'you are here' and no way to collapse everything with one click.",,I use Notion for everything and Canvas is just the place where files live.,2.556,1.847,S2 Structured Scholars
R020,2026-09-09 09:49,msc,17-20,female,tsb,eu,2,0,1,0,0,0,0,0,0,5,several,1,0,1,0,0,phone,2-5,1,0,1,1,1,0,0,0,1,0,0,0,0,0,0,0,0,0,1,0,push,2-3,0,0,0,1,0,0,3,4,4,6,5,4,5,7,4,2,4,3,3,1,2,4,5,6,"Tried to find the slides for last week on my phone. Modules is a giant list, you scroll for ages, and half the folders are named 'Week X' and half 'Lecture X'.",The To-do list saved me once: I had forgotten about a quiz and it was there.,Dark mode.,-1.609,-0.673,S1 Deadline Sprinters
R021,2026-09-09 10:14,msc,21-24,female,tshd,noneu,2,9-16,0,0,0,0,0,0,1,5,daily,1,0,0,1,0,laptop,5-15,1,1,1,1,1,0,0,0,1,0,0,0,0,0,1,0,1,1,1,0,email,0,0,1,1,0,0,0,3,5,4,6,4,1,5,6,5,4,3,4,1,3,4,6,2,5,The syllabus page was empty in 3 of my 4 courses. The actual course guide was a PDF somewhere in Files.,Having every submission I ever made in one place when I wrote my thesis.,,1.014,1.616,S2 Structured Scholars
R022,2026-09-09 11:29,phd,25-29,female,tst,nl,1,0,1,0,0,0,0,0,0,5,4-6,1,0,0,1,0,laptop,gt30,0,1,0,1,1,1,0,1,0,0,0,0,0,0,0,0,0,0,1,0,push,2-3,0,1,1,0,0,0,3,6,2,4,5,3,4,5,5,5,3,4,1,3,4,6,2,5,"Annotating a PDF in the built-in viewer is impossible, and downloading each one separately to Zotero takes forever.",,,2.535,1.641,S2 Structured Scholars
R023,2026-09-09 11:29,msc,21-24,male,tsb,eu,3,1-8,1,0,0,0,0,0,0,6,daily,0,1,0,1,0,desktop,15-30,0,0,1,1,0,0,0,1,0,0,0,0,0,0,0,0,1,1,1,0,email,0,0,1,0,0,0,0,3,5,4,5,2,2,3,4,4,5,4,4,1,3,5,4,2,6,"Discussions are a mess for seminar prep: threads collapse, and there's no way to see what changed since I last visited.",Having every submission I ever made in one place when I wrote my thesis.,,1.143,1.02,S2 Structured Scholars
R024,2026-09-09 11:53,lecturer,40-49,female,tst,nl,1,0,1,0,0,0,0,0,0,4,2-3,1,1,0,0,0,desktop,5-15,0,1,0,0,0,0,0,0,0,0,1,0,0,0,0,0,1,1,1,0,email,2-3,0,1,0,1,1,0,3,6,4,6,3,3,5,3,6,5,2,2,2,1,5,3,4,6,"Sending an announcement: I wrote it, clicked something and it disappeared. The second time I wrote it in Word first","Not much, it does the job.",,1.753,-1.743,S5 Reluctant Instructors
R025,2026-09-09 11:59,phd,25-29,female,tsb,eu,2,1-8,1,0,0,0,0,0,0,7,daily,1,0,0,0,0,laptop,gt30,1,1,1,0,0,0,1,0,0,0,0,0,0,1,0,1,1,1,0,0,inapp,0,0,1,1,0,0,0,2,4,2,5,4,2,5,6,5,5,2,4,1,4,3,6,2,5,"i wanted to re-watch the part of the Statistics 2 lecture about coding the interviews. No chapters, no transcript search, so I scrubbed through 90 minutes.",A discussion where the lecturer pinned the answers to common questions before the exam.,Consistency between courses would fix most of my problems.,1.677,3.097,S2 Structured Scholars
R026,2026-09-09 12:44,msc,21-24,male,tshd,noneu,3,1-8,1,0,0,0,0,0,0,6,4-6,1,0,1,1,0,laptop,15-30,1,1,0,1,1,0,1,1,1,1,0,0,1,0,0,0,0,0,0,0,email,0,0,1,1,1,1,0,5,3,3,4,5,3,4,6,5,2,4,3,1,3,4,5,2,6,"Search in Canvas only searches the current course, and only some things. I wanted a formula from a slide two weeks ago and ended up opening every PDF.",,Consistency between courses would fix most of my problems.,1.041,1.423,S2 Structured Scholars
R027,2026-09-09 13:26,phd,21-24,male,tshd,eu,1,0,1,0,0,0,0,0,0,7,daily,1,0,0,0,1,laptop,5-15,1,1,1,1,1,1,0,0,1,0,0,0,1,0,0,0,0,0,1,0,off,2-3,0,1,1,1,0,0,3,5,5,3,3,1,4,7,6,5,4,5,1,3,4,5,2,6,I keep a Notion page per course because the Canvas page for Cognitive Science has no structure I can rely on.,A discussion where the lecturer pinned the answers to common questions before the exam.,Please make lecturers date their assignments.,0.307,2.961,S2 Structured Scholars
R028,2026-09-09 13:46,lecturer,40-49,female,tshd,nl,1,0,1,0,0,0,0,0,0,6,several,1,0,0,1,0,desktop,15-30,1,1,1,0,0,1,1,0,1,1,0,0,0,0,0,0,1,0,1,0,email,1,1,1,0,0,1,0,6,1,2,4,3,2,6,7,5,3,5,2,1,5,2,3,4,6,"The gradebook export used commas as decimal separators in some columns and dots in others, and the import back rejected half of them.",Scheduling all announcements for the block in one go,I spend more time on course admin than on teaching content.,-0.603,2.912,S4 Power Instructors
R029,2026-09-09 15:52,lecturer,50+,female,tisem,nl,2,1-8,0,0,0,0,0,0,1,5,several,1,0,0,0,0,laptop,gt30,1,1,1,1,1,1,0,0,1,0,1,0,1,0,0,0,1,0,0,0,email,1,1,1,0,0,1,0,5,3,4,5,2,2,4,6,5,2,5,3,2,4,1,3,5,6,"Making groups for the project: the random assignment didn't respect the tutorial sections, so I did it in Excel and re-entered it","Students see their grades and feedback at the same moment, no more 200 emails.",Better analytics per tutorial group.,-1.096,1.546,S4 Power Instructors
R030,2026-09-09 18:05,bsc,21-24,male,tshd,nl,3,9-16,1,0,0,0,0,0,0,6,several,1,0,1,1,1,laptop,lt2,1,1,1,0,0,0,0,0,1,0,0,0,1,0,0,0,1,0,0,0,off,1,0,0,1,1,0,0,4,5,6,6,5,2,3,7,6,3,6,4,3,1,2,4,5,6,the app logged me out again and the 2FA code took forever. By the time I was in I forgot what I wanted to check.,Submitting a photo of my handwritten answers from the app worked surprisingly smoothly.,,-2.621,-0.135,S1 Deadline Sprinters
R031,2026-09-09 18:32,lecturer,50+,female,tisem,noneu,3,1-8,1,0,0,0,0,0,0,4,daily,1,1,0,1,0,desktop,gt30,1,1,1,1,0,1,1,0,1,1,0,0,1,0,0,0,0,1,1,0,email,0,1,1,1,0,1,0,4,4,5,5,2,5,5,5,6,5,3,5,2,4,1,3,6,5,Grading 180 submissions in SpeedGrader: the page reloads for every student and the rubric panel collapses each time. Two clicks that cost me hours.,"The analytics showed me that half the class had not opened the reader before the seminar, so I changed the plan.",,-1.471,1.555,S4 Power Instructors
R032,2026-09-09 19:09,msc,17-20,female,tshd,eu,2,1-8,1,0,0,0,0,0,0,6,daily,1,0,0,1,0,phone,2-5,0,1,1,0,1,0,0,0,0,1,1,0,0,0,0,0,1,0,0,0,push,0,0,0,1,1,0,0,3,6,5,6,2,1,4,7,7,4,3,4,3,1,2,4,5,6,"Got a push notification at 23:40 about a new announcement, opened it and it was a reminder that the lecture room changed... for a lecture that was already over.",Submitting a photo of my handwritten answers from the app worked surprisingly smoothly.,,-2.374,-0.138,S1 Deadline Sprinters
R033,2026-09-09 19:56,ta,25-29,female,other,eu,2,9-16,1,0,0,0,0,0,0,5,several,1,1,1,0,0,desktop,gt30,1,1,1,1,0,0,0,1,0,0,0,0,0,1,0,0,0,0,0,0,email,4-6,0,1,1,0,1,0,2,7,4,6,3,4,6,6,4,2,2,4,3,4,1,2,6,5,"Uploading lecture recordings means going to another platform, then linking back. Half the students never find the link.","speedGrader with a rubric: grading 60 essays in an afternoon, with reusable comments.","Bulk actions everywhere: due dates, messages, rubrics.",0.503,0.981,S4 Power Instructors
R034,2026-09-09 21:59,bsc,25-29,female,tshd,nl,4,1-8,1,0,0,0,0,0,0,6,several,1,0,0,1,0,phone,lt2,0,1,1,1,1,0,0,1,0,0,0,0,0,0,0,0,0,0,0,1,inapp,1,1,1,0,0,0,0,5,2,4,4,3,3,5,5,7,6,6,4,3,2,1,6,5,4,Wanted to check if my Human-Computer Interaction grade was in during the break. The app showed the assignment as 'graded' but the number only appeared after I logged in on my laptop that evening.,Checking a grade in 5 seconds while waiting for coffee.,One overview of all deadlines for all courses please.,-4.256,0.886,S1 Deadline Sprinters
R035,2026-09-09 23:44,msc,21-24,male,tshd,nl,3,25+,1,0,0,0,0,0,0,6,2-3,0,0,1,1,0,laptop,2-5,1,1,0,0,1,0,0,0,1,0,0,0,0,0,0,0,1,1,0,1,email,1,0,1,0,0,0,0,1,7,3,5,5,3,3,5,5,3,2,3,3,1,4,5,2,6,"Tried to catch up on Text Mining after two weeks with my kid sick. There's no 'what did I miss' view, so I opened every module item one by one.","The e-mail digest once a day instead of every announcement, once I found the setting.",Deadlines on Friday 17:00 instead of Sunday 23:59 would help students with jobs.,2.107,-1.759,S3 Overloaded Jugglers
R036,2026-09-10 01:23,lecturer,30-39,male,tls,nl,1,0,1,0,0,0,0,0,0,3,lt1,1,1,0,0,0,desktop,5-15,1,0,0,1,0,1,0,0,0,0,0,0,1,0,0,0,0,1,1,0,email,1,1,1,0,0,1,0,3,6,3,5,1,4,4,4,5,3,4,2,1,3,4,2,5,6,Tried to publish the course before the block started. Everything looked fine to me but students said it was invisible. There was a small 'unpublished' icon I did not see.,,No.,1.775,-1.471,S5 Reluctant Instructors
R037,2026-09-10 02:18,lecturer,40-49,male,tshd,nl,3,0,1,0,0,0,0,0,0,4,1,0,1,0,0,0,laptop,2-5,1,0,0,1,0,1,0,0,0,0,0,0,0,0,0,0,0,1,0,0,inapp,0,0,1,1,0,0,0,5,2,4,4,2,3,3,1,4,4,4,2,1,3,4,2,5,6,I wanted to enter grades. The gradebook has dozens of columns and I entered them in the wrong assignment column. The education office had to help.,The TA set everything up and I only had to click publish.,Let students see my office hours easily.,0.787,-1.881,S5 Reluctant Instructors
R038,2026-09-10 06:30,bsc,17-20,female,tshd,na,4,1-8,0,0,1,0,0,0,0,5,several,0,0,1,1,0,phone,lt2,1,1,1,0,0,1,0,0,1,0,0,0,1,0,1,0,1,0,0,0,email,0,0,1,0,1,1,0,3,4,4,6,3,5,4,6,5,3,6,3,3,2,1,4,6,5,"Tried to find the slides for last week on my phone. Modules is a giant list, you scroll for ages, and half the folders are named 'Week X' and half 'Lecture X'",,Just make everything work on the phone.,-3.459,-0.656,S1 Deadline Sprinters
R039,2026-09-10 07:42,bsc,17-20,male,tsb,noneu,6+,9-16,1,0,0,0,0,0,0,7,several,0,0,0,1,0,phone,2-5,1,1,1,1,1,0,0,0,0,0,1,0,0,0,0,1,1,0,0,0,inapp,0,1,1,0,1,0,0,4,4,5,3,3,3,5,7,5,4,5,4,2,3,1,4,6,5,Looking for the room number for the Data Mining exam. It was in an announcement from 3 weeks ago and the app search didn't find it. A friend sent a screenshot on WhatsApp.,The announcement about the room change came right before the lecture; I would have gone to the wrong building.,,-3.105,1.777,S1 Deadline Sprinters
R040,2026-09-10 08:39,bsc,21-24,na,tshd,nl,5,0,0,0,1,1,0,0,0,6,daily,1,0,1,0,0,laptop,5-15,1,1,0,1,0,0,0,0,1,0,0,0,0,1,0,0,0,0,0,1,email,0,0,1,0,0,0,0,1,7,4,5,3,2,4,5,1,2,2,2,1,3,4,5,2,6,Trying to enlarge the text on my phone: the app ignores the system font size setting.,The immersive reader in my browser works fine on Canvas pages when they are real text.,"Accessibility depends entirely on the lecturer. The system should enforce headings, alt text and captions.",3.132,0.811,S6 Access-First Learners
R041,2026-09-10 09:18,lecturer,25-29,male,tshd,eu,1,9-16,1,0,0,0,0,0,0,5,several,1,0,0,0,0,desktop,15-30,1,1,1,1,0,1,0,0,0,1,0,0,1,0,0,0,0,0,0,0,email,2-3,1,1,0,1,1,0,6,2,3,6,3,5,7,6,5,3,5,4,2,3,1,4,6,5,"I get an email for every single submission. I turned notifications off, and then missed a student's question in the Inbox for a week.",Quiz auto-grading for the weekly checks saves me hours per week.,,-2.213,1.424,S4 Power Instructors
R042,2026-09-10 09:19,msc,21-24,female,other,eu,3,0,1,0,0,0,0,0,0,7,daily,1,0,0,0,0,laptop,5-15,1,1,1,1,0,0,0,0,0,0,0,0,0,0,0,0,0,0,1,0,email,0,0,1,1,1,0,0,3,6,3,2,4,3,4,6,5,5,4,4,1,3,4,5,2,6,Notifications for every reply in a discussion I posted in once. Had to dig into settings to find out how to mute one course.,Recordings with the slide timeline let me jump to the part I needed.,,1.034,2.557,S2 Structured Scholars
R043,2026-09-10 13:34,msc,21-24,female,tshd,eu,3,9-16,1,0,0,0,0,0,0,5,several,1,0,0,1,0,tablet,lt2,1,0,1,1,1,0,0,1,0,0,0,0,1,0,1,0,1,0,0,0,off,1,0,1,1,1,0,0,3,5,4,6,3,3,3,7,5,4,5,3,3,1,2,5,4,6,The app shows the To-do list but tapping an item opens a web view where I have to log in again.,"Not much, it does the job.","Fewer emails, more useful pushes.",-1.768,-0.692,S1 Deadline Sprinters
R044,2026-09-10 13:47,bsc,17-20,female,tshd,nl,4,0,1,0,0,0,0,0,0,4,4-6,1,0,1,1,0,phone,lt2,1,0,1,1,0,0,1,1,0,0,0,0,1,0,1,1,0,0,1,0,push,4-6,0,1,0,0,0,0,5,1,6,7,2,3,4,7,6,5,5,4,3,1,2,4,5,6,Tried to submit the Developmental Psychology assignment from my phone 10 minutes before the deadline. The file picker didn't let me pick the PDF from my drive and I had to run to the library.,"The push notification that my Programming 1 grade was published, right when I was on the train.",,-3.928,-1.434,S1 Deadline Sprinters
R045,2026-09-10 16:54,msc,17-20,female,tisem,eu,2,9-16,1,0,0,0,0,0,0,5,several,0,0,0,1,0,phone,lt2,1,1,1,0,1,0,0,1,0,1,0,0,0,1,1,1,1,0,0,0,email,1,0,1,0,1,0,0,4,3,4,5,2,5,3,6,6,3,5,3,3,1,2,5,6,4,"slow to load on the campus wifi, especially the Files page.",Submitting a photo of my handwritten answers from the app worked surprisingly smoothly.,,-3.668,-1.18,S1 Deadline Sprinters
R046,2026-09-10 19:32,staff,50+,female,tls,nl,6+,9-16,1,0,0,0,0,0,0,2,1,1,1,0,0,1,desktop,15-30,1,0,1,1,0,0,0,0,0,0,0,0,0,0,0,0,0,1,1,1,email,2-3,1,1,0,0,1,0,5,2,3,5,2,4,5,1,4,2,3,2,1,3,4,2,6,5,"we maintain a course template, but lecturers can delete the structure with one click and then the support questions start.",,,1.795,-2.381,S5 Reluctant Instructors
R047,2026-09-10 19:54,msc,40-49,female,tst,nl,2,25+,1,0,0,0,0,0,0,4,2-3,1,0,1,1,0,phone,5-15,1,1,0,0,0,0,0,1,1,0,0,0,0,0,0,0,1,0,0,1,email,2-3,1,1,0,1,0,0,4,5,3,5,5,3,5,3,4,4,3,3,5,2,3,6,1,4,"Missed a group meeting because the invite was only posted in the Canvas group discussion, and I don't get emails for those.",Reminders for deadlines.,,0.479,-2.245,S3 Overloaded Jugglers
R048,2026-09-10 22:50,ta,30-39,male,tsb,nl,1,0,1,0,0,0,0,0,0,7,several,1,1,0,0,0,desktop,gt30,1,1,1,1,0,1,0,1,1,1,1,0,0,1,0,0,0,0,1,0,email,2-3,0,1,0,0,1,0,3,5,4,6,1,5,5,6,7,4,6,2,1,5,2,3,6,4,Peer review assignment: I could not see who was assigned to whom without opening every submission.,Quiz auto-grading for the weekly checks saves me hours per week.,,-1.292,2.957,S4 Power Instructors
R049,2026-09-10 22:57,msc,40-49,male,tisem,eu,5,25+,1,0,0,0,0,0,0,5,2-3,0,0,1,0,0,phone,5-15,1,1,0,1,0,0,0,1,1,0,0,0,0,1,0,0,0,1,0,0,dontknow,2-3,0,0,0,0,1,0,2,5,3,5,3,5,4,5,4,5,3,3,4,2,1,5,3,6,I submitted the Developmental Psychology assignment from my phone during my lunch break and got no confirmation email. Spent the whole shift wondering if it went through.,"Seeing on Sunday evening exactly what is due in the coming week, at least for the courses that date their assignments.",I have two kids. I need to know in one minute whether anything changed,-0.494,-2.08,S3 Overloaded Jugglers
R050,2026-09-11 00:07,msc,21-24,female,tshd,eu,5,9-16,1,0,0,0,0,0,0,7,daily,1,0,0,0,1,laptop,5-15,1,1,0,0,1,0,0,0,1,0,0,0,1,0,0,1,0,1,1,0,email,2-3,0,1,1,0,0,0,1,7,5,5,3,1,4,7,6,4,3,5,1,3,4,5,2,6,"A file was replaced by the lecturer, but the old version was still cached in the app. I studied the wrong version for a day.","Not much, it does the job",,1.172,2.19,S2 Structured Scholars
R051,2026-09-11 03:14,msc,21-24,male,tshd,nl,4,0,0,0,0,1,0,0,0,4,daily,1,0,0,1,0,phone,2-5,1,1,1,0,1,0,0,0,1,0,0,0,1,1,0,0,1,1,0,0,inapp,1,0,1,0,1,1,0,4,5,5,6,2,2,3,6,6,6,6,3,3,2,1,5,4,6,"Checking my grade for the Philosophy of Mind midterm: the number was there but the class average was hidden, so I couldn't tell if a 6.1 was good or bad.",Checking a grade in 5 seconds while waiting for coffee.,I basically live in WhatsApp groups for each course; that's where the real info is,-2.967,-0.543,S1 Deadline Sprinters
R052,2026-09-11 04:17,bsc,17-20,female,tshd,nl,4,0,1,0,0,0,0,0,0,5,several,1,0,0,1,0,phone,lt2,1,0,0,1,0,0,0,0,1,0,0,0,0,1,1,0,1,0,0,0,email,4-6,0,1,0,1,0,0,5,2,3,5,5,4,3,5,6,4,5,4,3,2,1,4,5,6,Deadline was at 23:59 but the app showed a different time after I came back from holiday. I panicked and submitted at 22:00 just to be safe,Nothing specific.,,-2.946,-1.054,S1 Deadline Sprinters
R053,2026-09-11 06:26,staff,30-39,female,tsb,nl,2,9-16,1,0,0,0,0,0,0,3,2-3,1,1,0,0,0,desktop,5-15,1,1,0,1,1,1,0,0,0,0,0,0,0,1,0,0,0,1,1,0,email,2-3,1,0,0,0,1,0,4,4,2,7,5,2,4,2,4,2,3,2,1,3,4,2,5,6,"Students come to the desk asking where a grade is and I can't see what they see, so I ask them to turn their laptop around.","Masquerading as a student to see exactly what they see, when we are allowed to.",,2.585,-2.523,S5 Reluctant Instructors
R054,2026-09-11 10:08,msc,17-20,male,tsb,na,3,0,1,0,0,0,0,0,0,5,daily,1,1,0,1,0,phone,lt2,1,0,1,0,1,0,0,0,0,0,0,0,1,0,1,1,1,0,0,0,push,2-3,0,0,0,1,1,0,6,3,6,6,2,3,4,6,6,3,5,5,3,2,1,5,4,6,"i get like 12 emails a day from Canvas. I stopped reading them, and then I missed a change in the deadline for Philosophy of Mind",The To-do list saved me once: I had forgotten about a quiz and it was there.,One overview of all deadlines for all courses please.,-3.935,-0.182,S1 Deadline Sprinters
R055,2026-09-11 12:37,lecturer,40-49,male,tshd,nl,2,0,1,0,0,0,0,0,0,4,lt1,0,1,0,0,0,desktop,5-15,1,0,0,1,0,0,0,0,0,0,0,0,0,0,0,0,1,0,0,0,email,2-3,0,1,0,0,1,0,3,5,1,5,5,3,3,1,4,2,2,1,1,4,2,3,6,5,The system asked me to set up two-factor authentication on a new phone in the middle of a lecture.,Students could see the slides right after the lecture without me emailing them.,,3.553,-2.172,S5 Reluctant Instructors
R056,2026-09-11 13:28,lecturer,30-39,female,tshd,nl,3,0,0,0,1,0,0,0,0,5,several,1,0,0,0,0,desktop,gt30,1,1,1,1,1,1,0,0,1,0,0,0,0,1,0,0,0,1,1,0,email,1,0,0,0,0,1,0,4,3,3,7,5,5,6,6,5,3,2,4,2,4,1,3,5,6,"students emailed me at 23:50 because the upload failed. I could not see any error on my side, the submission just wasn't there.",Seeing at a glance who has not submitted and messaging them in one go,No.,-0.282,1.574,S4 Power Instructors
R057,2026-09-11 15:19,phd,21-24,female,tisem,eu,2,1-8,1,0,0,0,0,0,0,7,4-6,1,0,0,0,0,tablet,5-15,1,1,1,1,0,0,1,0,1,0,1,0,0,0,0,0,1,0,0,0,email,2-3,1,1,1,1,0,0,2,6,4,6,4,5,5,7,6,3,2,4,2,3,4,5,1,6,"Wanted to compare my rubric score with the criteria. They open in a side panel that cuts off the text, and the comments were in yet another tab.",Recordings with the slide timeline let me jump to the part I needed.,,1.182,1.342,S2 Structured Scholars
R058,2026-09-11 15:31,bsc,25-29,female,tisem,nl,6+,25+,1,0,0,0,0,0,0,5,daily,1,0,0,0,0,phone,2-5,0,1,0,1,0,0,1,0,1,1,0,0,0,1,0,0,1,0,1,0,email,4-6,0,1,0,0,1,0,4,4,4,7,4,2,4,4,5,2,3,4,3,1,4,5,2,6,"Wanted to watch the recording of a lecture I missed because of work. It was uploaded four days later, with no notification.",An extension request through the assignment page; the teacher approved it within an hour.,,-0.339,-2.286,S3 Overloaded Jugglers
R059,2026-09-11 16:14,msc,30-39,female,tshd,nl,2,17-24,1,0,0,0,0,0,0,2,4-6,1,0,1,0,0,laptop,5-15,0,0,1,1,0,0,0,0,1,0,0,0,0,1,0,1,0,0,0,1,email,1,0,1,1,1,1,0,3,6,4,5,3,3,3,5,6,3,3,2,3,1,5,4,2,6,"Slow to load on the campus wifi, especially the Files page.",The lecturer of Consumer Behaviour posted a weekly 'what to do this week' announcement. In that course I never fell behind.,,1.342,-2.389,S3 Overloaded Jugglers
R060,2026-09-11 16:21,ta,40-49,male,tsb,nl,2,1-8,1,0,0,0,0,0,0,4,daily,1,0,0,0,0,laptop,15-30,1,1,1,1,1,1,1,1,0,1,1,0,1,0,0,0,0,0,0,0,email,2-3,0,1,0,0,1,0,4,2,2,6,3,2,4,7,6,4,3,4,2,3,1,6,5,4,"Re-using a rubric across two courses: you can, but the rubric gets duplicated and any fix must be repeated.",Nothing specific.,,-0.791,1.223,S4 Power Instructors
R061,2026-09-11 17:21,msc,40-49,female,tshd,nl,3,25+,1,0,0,0,0,0,0,4,1,0,0,1,1,0,laptop,5-15,0,1,0,0,1,0,0,0,1,0,0,0,0,0,0,1,0,0,0,0,email,2-3,0,0,0,0,1,0,4,5,4,5,3,5,4,3,5,4,3,4,3,1,5,4,2,6,"Wanted to watch the recording of a lecture I missed because of work. It was uploaded four days later, with no notification.",Recordings. Without them I could not follow the course while working.,I have two kids. I need to know in one minute whether anything changed.,1.117,-2.575,S3 Overloaded Jugglers
R062,2026-09-11 17:53,msc,30-39,male,tls,nl,3,25+,1,0,0,0,0,0,0,5,2-3,1,1,1,0,0,laptop,2-5,1,0,0,1,1,0,0,1,1,0,1,0,1,1,0,0,0,0,0,0,email,1,0,0,0,1,1,0,3,7,3,5,5,3,4,5,4,3,5,2,4,2,3,6,1,5,"Emails from Canvas all look the same, 'New announcement in course X'. The important one about exam registration got lost between reminders.",The lecturer of Text Mining posted a weekly 'what to do this week' announcement. In that course I never fell behind.,,1.107,-1.342,S3 Overloaded Jugglers
R063,2026-09-11 21:03,msc,25-29,female,tshd,eu,2,1-8,1,0,0,0,0,0,0,7,4-6,1,0,0,0,0,laptop,gt30,1,0,0,1,0,1,0,0,1,1,0,0,1,1,0,0,0,0,0,0,email,2-3,0,0,1,1,0,0,3,5,6,4,3,3,5,6,7,4,3,4,1,3,4,5,2,6,"Search in Canvas only searches the current course, and only some things. I wanted a formula from a slide two weeks ago and ended up opening every PDF.","The calendar feed into Google Calendar, once the lecturer actually dated everything.",,0.875,2.553,S2 Structured Scholars
R064,2026-09-11 21:17,lecturer,40-49,male,tshd,noneu,1,0,1,0,0,0,0,0,0,5,2-3,1,0,0,0,0,laptop,15-30,0,0,0,1,0,0,0,1,0,0,0,0,0,1,0,0,0,0,0,0,dontknow,1,1,0,0,0,1,0,1,6,4,5,4,3,3,3,7,2,2,3,1,3,4,2,5,6,I tried to see who was in my tutorial group. The People page listed 300 students from all sections and I could not filter them.,The TA set everything up and I only had to click publish.,,2.466,-0.466,S5 Reluctant Instructors
R065,2026-09-11 21:45,staff,50+,male,tsb,nl,5,0,1,0,0,0,0,0,0,5,several,1,1,0,0,0,laptop,gt30,1,1,1,1,0,1,0,0,1,0,1,0,0,1,0,0,0,1,0,0,email,1,1,1,0,1,1,0,3,5,4,4,2,2,5,6,5,3,5,4,2,4,1,3,6,5,Checking whether a student really submitted before the deadline: the submission log is hard to read and the time zone is ambiguous.,"Masquerading as a student to see exactly what they see, when we are allowed to",,-0.7,2.569,S4 Power Instructors
R066,2026-09-12 00:37,msc,21-24,nonbinary,tshd,nl,3,1-8,0,0,0,0,0,1,0,4,daily,1,0,0,1,0,laptop,5-15,1,1,1,0,0,1,1,1,0,0,1,0,0,1,1,0,0,0,0,0,push,1,1,1,0,1,0,0,4,4,6,4,2,2,4,7,4,5,4,4,3,2,1,4,5,6,grades for Machine Learning came in for everyone else but mine said 'submitted' for two days. Turned out I had uploaded the wrong file and nobody told me.,The announcement about the room change came right before the lecture; I would have gone to the wrong building.,,-1.747,0.497,S1 Deadline Sprinters
R067,2026-09-12 01:18,lecturer,25-29,male,tshd,nl,3,0,1,0,0,0,0,0,0,6,several,1,1,0,1,1,desktop,15-30,1,1,1,1,0,0,0,0,0,0,0,0,1,1,0,1,0,1,1,0,email,1,0,1,0,0,1,0,3,5,4,4,3,5,6,6,5,3,4,2,2,4,1,3,6,5,"setting up the the thesis circle course for the new year: copying the course from last year carried over old due dates that I had to fix one by one, 22 assignments.","Copying a course from last year, even with the date problem, beats starting from scratch.",,-0.616,2.101,S4 Power Instructors
R068,2026-09-12 05:26,bsc,21-24,female,tshd,nl,3,17-24,1,0,0,0,0,0,0,5,2-3,0,0,1,0,0,laptop,5-15,1,0,0,0,0,1,1,0,1,0,0,0,0,0,0,0,1,0,1,0,email,0,1,1,0,1,0,0,5,4,2,6,4,3,4,4,4,5,4,3,3,1,4,5,2,6,Can't find where the lecturer said what is graded and what is optional. It was mentioned in the lecture I missed.,,,0.506,-1.65,S3 Overloaded Jugglers
R069,2026-09-12 11:09,phd,21-24,male,tshd,eu,2,1-8,1,0,0,0,0,0,0,6,daily,1,0,0,0,1,laptop,gt30,1,1,1,1,0,0,1,0,1,0,1,0,1,0,0,0,0,1,0,0,email,2-3,0,1,0,1,0,0,3,4,3,4,4,2,4,6,6,4,4,4,1,3,4,5,2,6,"the recordings for Intro to Economics are in a separate tool that opens in a new tab, and the link is buried in a module item with no thumbnail. I bookmark it because I can never find it twice.","The Modules page for Machine Learning was set up week by week with readings, slides and the recording in one place. That is how every course should look.",,1.321,2.133,S2 Structured Scholars
R070,2026-09-12 11:22,msc,21-24,female,tshd,eu,2,25+,1,0,0,0,0,0,0,6,4-6,1,0,1,0,0,laptop,5-15,1,1,1,1,0,0,0,1,0,0,0,0,0,0,1,0,1,0,1,0,email,2-3,0,1,0,1,0,0,6,1,4,7,3,1,4,5,4,2,4,3,3,1,5,6,2,4,Notification emails arrive during my working hours and are gone from my head by the evening. I have missed two small deadlines that way.,"The e-mail digest once a day instead of every announcement, once I found the setting.",Recordings uploaded the same day.,-0.324,-0.967,S3 Overloaded Jugglers
R071,2026-09-12 12:13,bsc,21-24,female,other,nl,3,0,1,0,0,0,0,0,0,3,4-6,1,0,0,1,0,desktop,5-15,1,1,1,1,0,0,0,1,1,1,1,0,0,1,0,1,0,1,1,0,push,1,1,1,1,1,0,0,1,7,5,2,6,3,5,7,5,4,4,4,1,5,3,6,2,4,"a file was replaced by the lecturer, but the old version was still cached in the app. I studied the wrong version for a day.",,Let me search across all courses and inside PDFs.,2.123,2.973,S2 Structured Scholars
R072,2026-09-12 14:21,msc,21-24,male,tisem,noneu,3,9-16,1,0,0,0,0,0,0,7,4-6,1,0,0,0,0,laptop,15-30,1,1,0,1,1,1,1,1,1,1,1,0,0,1,0,0,1,1,0,1,push,2-3,1,1,0,0,0,0,4,3,4,5,4,1,5,7,6,5,5,4,2,3,4,6,1,5,"For Human-Computer Interaction the lecturer uploaded v1, v2 and v2_final of the slides in the same folder. No way to tell which one is current without opening all three.",Having every submission I ever made in one place when I wrote my thesis.,,0.077,2.397,S2 Structured Scholars
R073,2026-09-12 14:40,bsc,25-29,male,tisem,eu,4,17-24,1,0,0,0,0,0,0,3,2-3,1,0,1,0,0,laptop,2-5,1,1,1,1,0,0,1,1,1,0,0,0,0,1,0,0,0,0,1,1,email,2-3,0,1,0,1,0,0,3,7,3,6,4,2,4,3,3,4,3,4,3,1,4,5,2,6,Deadlines at 23:59 on weekdays are hard when you work evenings. I found out about the Research Methods quiz window on the day it closed.,An extension request through the assignment page; the teacher approved it within an hour.,,2.068,-2.6,S3 Overloaded Jugglers
R074,2026-09-12 16:11,ta,40-49,female,tisem,eu,2,9-16,1,0,0,0,0,0,0,3,lt1,0,1,0,0,0,desktop,5-15,1,0,0,1,0,0,0,0,1,0,1,0,0,1,0,0,0,1,1,0,email,2-3,1,1,0,1,1,0,4,5,2,7,3,4,4,2,3,3,3,2,1,2,4,3,5,6,I wanted to reply to a student's comment on a submission and could not find where to type. Ended up emailing them.,"Announcements reach everybody at once, unlike my email list which is always outdated.",I rely on my TA for everything in Canvas.,2.557,-3.302,S5 Reluctant Instructors
R075,2026-09-12 16:34,msc,21-24,male,tshd,nl,3,17-24,0,0,0,1,0,1,0,6,4-6,1,0,0,0,0,laptop,gt30,1,1,1,1,1,0,0,0,1,0,1,0,1,0,0,1,0,1,1,1,email,7+,1,1,1,0,0,0,1,7,4,5,2,2,6,2,3,3,1,2,1,4,3,5,2,6,Videos with no transcript and no captions in Corporate Finance; the lecture was the only place where the exam format was explained.,the extra time setting worked for the exam quiz once the lecturer set it.,ask disabled students before you design; we are not an edge case.,4.201,0.395,S6 Access-First Learners
R076,2026-09-12 16:46,bsc,17-20,female,tshd,eu,4,9-16,1,0,0,0,0,0,0,5,several,0,0,1,0,0,phone,2-5,1,0,1,1,0,1,0,0,0,1,0,0,0,0,1,0,1,0,1,0,push,0,0,1,0,1,0,0,3,7,4,7,2,4,3,6,4,3,5,4,3,2,1,4,5,6,Grades for Qualitative Methods came in for everyone else but mine said 'submitted' for two days. Turned out I had uploaded the wrong file and nobody told me.,,,-2.51,-1.008,S1 Deadline Sprinters
R077,2026-09-12 17:14,bsc,21-24,nonbinary,tls,noneu,6+,17-24,0,0,0,1,0,0,0,6,several,1,0,1,0,0,phone,lt2,1,1,1,0,0,0,0,0,1,0,0,0,0,1,0,0,1,0,0,0,push,0,0,1,0,1,0,0,5,4,4,5,2,5,2,6,5,3,4,4,3,1,2,4,5,6,Wanted to check if my Consumer Behaviour grade was in during the break. The app showed the assignment as 'graded' but the number only appeared after I logged in on my laptop that evening.,Reminders for deadlines.,Just make everything work on the phone.,-3.472,-1.647,S1 Deadline Sprinters
R078,2026-09-12 17:24,bsc,17-20,male,tisem,nl,5,1-8,1,0,0,0,0,0,0,4,several,1,0,0,1,0,phone,2-5,1,1,1,1,1,0,0,0,0,0,0,0,0,0,0,0,1,0,1,0,push,4-6,0,0,1,1,0,0,4,3,5,5,2,2,2,6,6,4,5,2,2,1,3,4,5,6,The app logged me out again and the 2FA code took forever. By the time I was in I forgot what I wanted to check.,When the teacher replied to my comment on my submission I saw it immediately in the app.,,-2.132,-1.576,S1 Deadline Sprinters
R079,2026-09-12 18:07,ta,40-49,female,tisem,eu,1,0,1,0,0,0,0,0,0,4,daily,1,0,1,0,0,laptop,gt30,1,1,1,1,0,1,1,1,0,0,0,0,1,0,0,0,0,1,1,0,off,2-3,0,0,0,1,1,0,5,3,3,7,3,4,4,7,5,1,7,3,1,4,2,3,5,6,An announcement I scheduled for Monday 08:00 went out Sunday evening because the time zone reverted. Students thought there was a change of plan.,,,-0.813,1.191,S4 Power Instructors
R080,2026-09-12 20:44,bsc,21-24,female,tls,nl,4,1-8,1,0,0,0,0,0,0,7,several,1,0,0,1,0,phone,2-5,1,1,1,1,0,1,1,0,1,0,0,0,0,0,1,0,1,0,0,0,email,2-3,0,1,0,1,1,0,6,3,5,4,1,2,5,4,5,6,4,2,3,1,2,4,6,5,"Wanted to see if the Deep Learning quiz was still open. Had to open the course, then Quizzes, then scroll. On the phone it kept reloading.",,Let me see the class average next to my grade.,-3.175,-0.461,S1 Deadline Sprinters
R081,2026-09-12 21:23,bsc,30-39,male,tshd,nl,4,25+,1,0,0,0,0,0,0,4,1,1,0,1,1,0,phone,15-30,1,0,0,1,0,0,0,1,1,1,0,0,0,0,0,0,1,0,0,0,email,2-3,0,1,1,1,1,0,3,5,4,4,3,3,5,4,5,4,3,3,3,2,5,6,1,4,i can only study on Sunday. I opened Canvas and had 10 unread announcements from 4 courses. No way to see which ones actually require me to do something.,,,1.349,-1.235,S3 Overloaded Jugglers
R082,2026-09-12 21:52,bsc,21-24,female,tisem,eu,4,0,0,1,0,0,0,0,0,5,4-6,1,0,0,1,0,laptop,gt30,1,0,0,1,1,0,0,0,1,0,0,0,1,1,0,0,0,0,0,0,email,2-3,0,1,1,1,1,0,3,5,3,4,4,4,5,3,4,4,2,3,1,2,4,5,3,6,Lecture recordings for Research Methods have auto-captions that turn 'Bayesian' into 'basin'. I stopped watching them and asked for the slides instead.,,,2.696,0.378,S6 Access-First Learners
R083,2026-09-12 22:25,msc,25-29,male,tshd,noneu,2,0,1,0,0,0,0,0,0,6,daily,1,0,0,0,0,laptop,15-30,1,1,1,1,1,0,0,0,1,1,1,0,1,1,0,0,0,0,0,1,email,4-6,0,1,1,1,0,0,4,5,6,4,4,3,6,7,5,3,5,5,1,3,4,5,2,6,"Modules is one long scroll. There is no overview of the course structure, no 'you are here' and no way to collapse everything with one click.",Downloading all files of a module in one zip.,,0.299,3.015,S2 Structured Scholars
R084,2026-09-12 22:53,bsc,21-24,female,tshd,eu,4,9-16,1,0,0,0,0,0,0,4,several,1,0,0,1,0,phone,2-5,1,1,1,1,0,0,0,1,1,0,0,0,0,0,0,1,0,0,0,0,inapp,4-6,0,1,0,1,0,0,4,4,5,7,3,4,4,5,6,4,4,4,5,1,2,3,4,6,I wanted to quickly check if the lecture was cancelled. Had to go dashboard > course > announcements > scroll. Three taps too many when you are on the bus.,The To-do list saved me once: I had forgotten about a quiz and it was there.,,-3.027,-2.417,S1 Deadline Sprinters
R085,2026-09-12 23:12,bsc,17-20,male,tshd,eu,4,1-8,0,1,0,0,0,0,0,5,4-6,1,0,0,0,0,laptop,gt30,1,1,1,1,1,0,0,0,0,0,0,0,1,0,0,0,0,0,1,0,email,4-6,0,0,1,0,1,0,3,6,3,6,2,4,3,3,3,3,1,3,1,3,4,6,2,5,Keyboard navigation in the calendar traps you in the month grid; I couldn't get to the assignment link.,"Transcripts of the Marketing Analytics recordings were edited by the TA, so I could actually search them.",,3.133,-0.27,S6 Access-First Learners
R086,2026-09-13 00:02,bsc,21-24,female,tisem,nl,4,1-8,1,0,0,0,0,0,0,5,several,0,0,0,1,0,laptop,2-5,1,1,1,0,1,0,0,0,0,0,0,0,1,0,1,1,1,0,0,1,inapp,2-3,0,1,0,0,0,0,4,4,5,4,2,4,4,6,6,4,5,5,2,1,3,4,5,6,"Got a push notification at 23:40 about a new announcement, opened it and it was a reminder that the lecture room changed... for a lecture that was already over",seeing the exact time left before a deadline on the assignment page.,,-2.082,0.465,S1 Deadline Sprinters
R087,2026-09-13 02:05,bsc,21-24,male,tsb,nl,5,25+,1,0,0,0,0,0,0,5,daily,1,0,0,0,0,laptop,15-30,1,1,1,1,1,0,0,1,1,0,0,0,0,0,0,0,0,0,1,0,email,4-6,1,0,0,1,1,0,4,5,3,6,4,3,4,4,5,4,3,5,3,1,4,6,2,5,I wanted to see my total workload for the block. Nothing in Canvas shows that; I ended up building a spreadsheet.,Recordings. Without them I could not follow the course while working.,I work 24 hours a week; my study time is Sunday and Wednesday evening. Anything that makes catching up faster helps.,0.655,-0.755,S3 Overloaded Jugglers
R088,2026-09-13 03:52,msc,21-24,male,tshd,nl,2,1-8,0,0,0,0,0,1,0,5,daily,1,0,0,1,0,laptop,15-30,1,1,0,1,1,0,0,1,1,1,0,0,0,0,0,0,0,1,1,0,email,2-3,0,1,1,0,0,0,5,2,5,5,4,4,6,5,4,2,3,4,1,4,3,5,2,6,"Wanted to compare my rubric score with the criteria. They open in a side panel that cuts off the text, and the comments were in yet another tab.","The calendar feed into Google Calendar, once the lecturer actually dated everything.",,0.609,1.76,S2 Structured Scholars
R089,2026-09-13 04:07,lecturer,25-29,female,tsb,nl,2,9-16,1,0,0,0,0,0,0,6,several,0,1,0,0,0,desktop,gt30,1,1,1,1,1,1,1,0,0,1,0,0,1,0,0,0,0,1,1,0,email,2-3,1,1,0,0,1,0,5,3,5,4,3,3,6,6,7,6,4,3,2,4,1,3,6,5,"Students in Deep Learning kept asking where the slides were. They were in Modules, published, but the course navigation still showed Files first.",,,-1.796,2.394,S4 Power Instructors
R090,2026-09-13 05:58,phd,21-24,female,tshd,eu,1,0,1,0,0,0,0,0,0,7,4-6,1,0,0,0,0,desktop,15-30,1,1,0,1,0,0,0,1,1,0,1,0,0,0,0,1,0,1,1,0,inapp,0,0,1,1,0,0,0,4,3,4,5,3,3,4,7,5,4,4,3,1,3,5,4,2,6,"group project files were spread across Canvas groups, Google Drive and WhatsApp. Canvas Collaborations didn't work with our university accounts.","the Modules page for Human-Computer Interaction was set up week by week with readings, slides and the recording in one place. That is how every course should look",Please make lecturers date their assignments.,0.469,1.897,S2 Structured Scholars
R091,2026-09-13 06:18,msc,25-29,male,other,nl,2,1-8,0,1,0,0,0,0,0,6,daily,1,0,0,1,0,tablet,gt30,1,1,1,1,1,0,0,0,1,0,1,0,1,1,0,0,0,0,1,0,email,7+,0,1,0,0,0,0,1,6,4,4,4,1,4,5,2,3,2,2,1,3,4,5,2,6,"Long announcements are one wall of text with no headings, hard for me to parse. I copy them into a reader app first",The immersive reader in my browser works fine on Canvas pages when they are real text.,"Let me set my own font size and contrast once, for all courses.",3.979,0.971,S6 Access-First Learners
R092,2026-09-13 07:06,ta,40-49,female,tshd,noneu,2,9-16,1,0,0,0,0,0,0,6,several,1,0,0,0,0,laptop,15-30,1,1,1,1,0,1,0,1,0,1,1,0,0,1,0,0,0,0,1,0,email,4-6,1,0,0,0,1,0,4,4,5,4,3,5,5,5,4,3,2,4,2,5,1,3,6,4,The dashboard shows courses from last year first.,,Good luck with the project!,-0.452,1.669,S4 Power Instructors
R093,2026-09-13 07:44,msc,25-29,male,tshd,noneu,3,17-24,1,0,0,0,0,0,0,4,2-3,1,0,0,0,0,laptop,15-30,1,0,1,1,1,1,0,0,0,0,0,0,1,1,0,0,1,0,0,0,push,1,0,1,0,1,1,0,4,5,3,6,3,4,3,4,5,4,3,2,2,1,4,5,3,6,"Every course sends the same info in a different way. I have a paper list of what to check where, and it still fails.",Being able to submit from my phone during a break.,,1.261,-2.083,S3 Overloaded Jugglers
R094,2026-09-13 07:48,lecturer,30-39,na,tls,noneu,3,1-8,1,0,0,0,0,0,0,3,2-3,0,0,1,0,0,desktop,2-5,1,1,0,1,0,0,0,0,1,0,1,0,0,1,0,1,0,0,1,0,off,1,1,1,1,0,1,0,4,3,2,5,3,3,5,1,5,3,3,1,1,2,4,3,6,5,I wanted to upload the slides after the lecture. It asked whether to put them in Files or Modules or Pages. I still don't know the difference; the TA fixed it later.,Students could see the slides right after the lecture without me emailing them.,,1.623,-2.327,S5 Reluctant Instructors
R095,2026-09-13 09:21,phd,25-29,female,tshd,eu,1,0,1,0,0,0,0,0,0,6,daily,1,0,1,1,0,laptop,5-15,0,0,1,1,1,0,0,0,1,1,0,0,1,1,1,1,0,1,1,0,email,2-3,0,1,1,0,1,0,3,7,3,6,2,3,4,6,4,3,5,3,1,3,4,6,2,5,"The recordings for Developmental Psychology are in a separate tool that opens in a new tab, and the link is buried in a module item with no thumbnail. I bookmark it because I can never find it twice.",A rubric with comments per criterion made the feedback actually useful.,,1.068,1.494,S2 Structured Scholars
R096,2026-09-13 09:59,msc,21-24,female,tsb,nl,2,1-8,1,0,0,0,0,0,0,6,daily,1,0,1,1,0,laptop,15-30,0,1,1,1,0,0,1,1,1,0,0,0,0,0,0,0,0,1,1,0,inapp,1,0,1,1,1,1,0,3,4,4,4,3,1,4,6,6,2,5,5,2,3,4,6,1,5,"For Intro to Economics the lecturer uploaded v1, v2 and v2_final of the slides in the same folder. No way to tell which one is current without opening all three.",,,0.428,2.539,S2 Structured Scholars
R097,2026-09-13 10:59,lecturer,50+,female,tsb,nl,3,1-8,0,0,0,0,0,1,0,2,2-3,0,1,0,0,0,laptop,5-15,1,1,0,1,0,1,0,0,0,1,0,0,0,1,0,0,0,1,0,0,email,2-3,0,1,0,0,1,0,4,3,3,5,4,1,4,3,4,4,3,1,1,3,4,2,5,6,Every year the interface has changed a little and the button I remember is somewhere else.,"Announcements reach everybody at once, unlike my email list which is always outdated.",,2.334,-2.059,S5 Reluctant Instructors
R098,2026-09-13 12:16,msc,30-39,female,tsb,eu,3,1-8,1,0,0,0,0,0,0,6,several,0,1,0,0,0,laptop,5-15,1,1,1,1,1,1,0,0,1,0,1,0,0,0,0,0,0,0,1,0,email,1,1,1,0,1,0,0,4,3,4,7,3,1,7,4,7,3,3,3,1,3,4,5,2,6,"Annotating a PDF in the built-in viewer is impossible, and downloading each one separately to Zotero takes forever.",A discussion where the lecturer pinned the answers to common questions before the exam.,,0.396,1.701,S2 Structured Scholars
R099,2026-09-13 16:10,bsc,21-24,female,tshd,nl,4,0,0,0,0,1,0,0,0,6,daily,1,0,1,1,0,laptop,15-30,1,1,1,1,1,0,1,0,1,0,0,0,1,0,1,0,1,0,1,1,email,2-3,0,0,1,1,1,0,4,4,5,6,3,3,6,4,3,5,4,3,2,3,4,5,1,6,a timed quiz did not give me my extra time even though it was arranged; the setting is per quiz and the lecturer forgot.,being able to download the PDF and open it in my own reader instead of the built-in viewer.,,0.869,1.268,S2 Structured Scholars
R100,2026-09-13 16:50,msc,21-24,nonbinary,tshd,eu,3,25+,1,0,0,0,0,0,0,4,2-3,1,0,1,0,0,laptop,15-30,1,1,0,1,0,1,0,0,1,0,0,0,0,1,0,0,0,1,1,0,email,4-6,0,0,0,1,1,0,3,4,6,5,4,3,4,5,6,4,3,3,3,1,4,5,2,6,Between work shifts I checked my email and saw a Canvas mail from Monday saying the Qualitative Methods deadline was moved earlier. I had already planned my weekend around the old date,,,0.86,-1.467,S3 Overloaded Jugglers
R101,2026-09-13 16:56,bsc,21-24,male,tisem,nl,5,17-24,1,0,0,0,0,0,0,4,several,1,0,0,1,0,laptop,2-5,1,1,1,0,1,1,0,0,1,1,0,0,0,1,0,0,0,0,0,0,email,4-6,0,0,0,1,0,0,4,4,6,5,4,3,4,4,3,4,5,3,3,1,2,4,6,5,"could not find the exam location; it was in an announcement, not in the calendar.",,Dark mode,-1.317,-1.552,S1 Deadline Sprinters
R102,2026-09-13 17:15,staff,30-39,male,tls,nl,4,1-8,1,0,0,0,0,0,0,4,several,1,0,0,0,0,laptop,gt30,1,1,1,1,0,1,0,1,0,0,1,0,1,0,0,0,0,0,0,0,email,2-3,0,1,0,1,1,0,5,4,3,7,4,2,5,6,7,4,5,4,3,2,1,4,5,6,It logged me out and I lost the text of a long post.,,Fewer places to put the same information.,-1.57,0.659,S4 Power Instructors
R103,2026-09-13 17:15,bsc,17-20,female,tshd,nl,4,9-16,1,0,0,0,0,0,0,5,several,1,0,1,1,0,phone,lt2,1,1,1,1,0,0,0,0,1,0,0,0,0,0,0,0,1,0,1,0,push,2-3,0,0,0,1,0,0,3,5,4,6,4,4,3,5,5,5,3,4,4,1,2,3,5,6,Tried to submit the Human-Computer Interaction assignment from my phone 10 minutes before the deadline. The file picker didn't let me pick the PDF from my drive and I had to run to the library.,"The push notification that my Marketing Analytics grade was published, right when I was on the train.",,-2.248,-2.375,S1 Deadline Sprinters
R104,2026-09-13 17:18,bsc,na,na,tshd,na,3,1-8,1,0,0,0,0,0,0,6,several,1,0,0,1,0,laptop,2-5,1,1,1,0,0,0,0,0,0,0,0,0,1,0,0,0,1,0,0,0,push,0,0,0,0,1,0,0,4,3,6,6,3,4,5,5,6,3,3,4,3,1,2,4,5,6,"every course puts the deadlines in a different place. One uses Assignments, one uses a PDF planning, one only mentions it in the lecture.","The push notification that my Text Mining grade was published, right when I was on the train.",,-2.355,0.07,S1 Deadline Sprinters
R105,2026-09-13 17:32,bsc,30-39,female,tshd,nl,3,9-16,1,0,0,0,0,0,0,6,1,0,0,1,0,0,laptop,5-15,1,1,0,1,0,0,0,0,0,0,0,0,1,1,0,1,0,1,1,0,inapp,4-6,0,1,0,1,1,0,2,7,3,5,5,3,5,4,4,3,4,3,3,1,4,5,2,6,It logged me out and I lost the text of a long post.,,Recordings uploaded the same day.,2.439,-1.167,S3 Overloaded Jugglers
R106,2026-09-13 17:58,bsc,21-24,male,tisem,nl,4,17-24,0,0,0,1,0,0,0,7,2-3,1,0,0,1,0,laptop,5-15,1,1,1,1,0,1,0,1,0,1,0,0,0,1,0,0,1,0,1,0,inapp,1,0,1,1,1,1,0,5,4,3,6,3,2,4,5,7,3,4,5,3,1,4,5,2,6,"missed a group meeting because the invite was only posted in the Canvas group discussion, and I don't get emails for those.",,,-0.512,-0.254,S3 Overloaded Jugglers
R107,2026-09-13 19:03,bsc,30-39,male,tisem,nl,4,17-24,1,0,0,0,0,0,0,4,4-6,1,0,0,0,0,laptop,5-15,0,0,0,0,1,1,0,0,1,1,0,0,0,1,0,0,0,1,1,1,email,2-3,1,1,0,1,1,0,4,2,4,5,3,3,6,6,7,3,3,4,3,1,4,5,2,6,Between work shifts I checked my email and saw a Canvas mail from Monday saying the Human-Computer Interaction deadline was moved earlier. I had already planned my weekend around the old date.,,deadlines on Friday 17:00 instead of Sunday 23:59 would help students with jobs.,-0.322,-0.325,S3 Overloaded Jugglers
R108,2026-09-13 21:26,msc,25-29,male,tshd,noneu,4,1-8,1,0,0,0,0,0,0,5,4-6,1,1,1,0,1,laptop,5-15,1,1,0,1,1,1,0,0,0,1,1,0,0,1,0,0,0,1,0,0,inapp,2-3,1,0,0,0,0,0,3,6,5,5,5,2,6,7,7,5,2,4,1,2,4,3,5,6,"Trying to see the deadlines of all courses in one view. Exported the calendar feed to Google Calendar, but half the assignments had no dates so they never appeared.",,,0.745,0.993,S2 Structured Scholars
R109,2026-09-13 22:11,bsc,17-20,female,tshd,nl,5,9-16,1,0,0,0,0,0,0,5,several,1,0,0,1,0,phone,lt2,1,1,1,0,0,0,0,1,1,0,0,0,0,0,0,1,1,0,0,0,push,0,0,0,0,1,0,0,6,1,5,4,4,5,3,5,5,4,7,3,2,3,1,6,4,5,The To-do list showed 3 items due but two of them were undated things from a course that finished last block. I almost missed the one that mattered.,seeing the exact time left before a deadline on the assignment page.,"Fewer emails, more useful pushes.",-3.948,0.046,S1 Deadline Sprinters
R110,2026-09-13 22:29,staff,30-39,female,other,noneu,1,0,1,0,0,0,0,0,0,2,lt1,0,1,0,0,0,laptop,5-15,0,0,0,1,1,0,0,0,0,0,1,0,0,0,0,0,0,0,1,0,dontknow,4-6,1,1,0,0,1,0,2,7,4,5,5,6,4,1,5,4,2,1,1,3,4,2,5,6,A lecturer asked us to fix due dates in 30 assignments after a course copy. There is no bulk edit that works reliably.,The course template we push to all courses in our school makes the support questions drop noticeably.,Support staff need a view of what the student sees.,3.669,-3.088,S5 Reluctant Instructors
R111,2026-09-13 22:55,lecturer,30-39,male,tisem,nl,3,0,1,0,0,0,0,0,0,3,1,1,0,0,0,1,laptop,5-15,1,1,0,1,0,1,0,0,0,0,0,0,0,0,0,0,0,0,1,0,email,1,1,1,0,0,1,0,4,4,4,4,5,4,4,3,5,2,3,2,1,2,4,3,5,6,Honestly I avoid it. I email the students the PDFs and ask the TA to put them in Canvas.,"Nothing comes to mind, honestly.",,1.98,-1.648,S5 Reluctant Instructors
R112,2026-09-13 23:48,bsc,21-24,female,tshd,nl,4,1-8,1,0,0,0,0,0,0,5,4-6,1,0,1,1,1,laptop,5-15,0,1,0,0,1,0,0,1,0,0,0,0,0,0,1,0,1,0,0,1,push,0,0,0,0,1,0,0,4,3,3,5,2,4,3,6,6,5,5,3,3,2,1,4,6,5,"Every course puts the deadlines in a different place. One uses Assignments, one uses a PDF planning, one only mentions it in the lecture.",,Let me see the class average next to my grade.,-2.218,-0.195,S1 Deadline Sprinters
R113,2026-09-14 00:03,msc,21-24,male,tisem,nl,3,17-24,1,0,0,0,0,0,0,6,1,1,0,0,0,0,laptop,5-15,1,0,0,0,0,0,0,0,0,0,1,0,0,1,0,0,0,0,1,0,email,2-3,0,1,1,1,0,0,4,3,4,6,2,2,3,4,5,2,1,5,2,1,4,5,3,6,"The Canvas app doesn't show announcement attachments properly, and I'm mostly on my phone during the week",Nothing specific.,,1.027,-1.48,S3 Overloaded Jugglers
R114,2026-09-14 00:04,msc,21-24,male,tls,nl,2,9-16,0,0,1,0,0,0,0,6,daily,1,0,0,1,0,laptop,gt30,1,1,0,1,1,0,0,0,1,0,0,0,1,0,0,0,0,0,0,0,email,4-6,0,1,1,1,0,0,3,4,3,5,2,1,3,4,1,4,2,2,1,3,4,5,2,6,The Modules page reads like a list of 200 links to my screen reader; the headings are not marked as headings so I cannot jump between weeks.,Reminders for deadlines.,"Let me set my own font size and contrast once, for all courses.",3.047,0.068,S6 Access-First Learners
R115,2026-09-14 00:51,staff,30-39,nonbinary,tsb,eu,1,1-8,1,0,0,0,0,0,0,4,several,1,0,1,0,0,laptop,gt30,0,1,1,1,0,1,1,1,0,0,0,0,0,0,1,0,0,1,1,1,email,0,0,1,1,0,1,0,3,6,6,5,3,4,5,4,5,3,5,5,2,4,1,3,5,6,"Could not find the exam location; it was in an announcement, not in the calendar.",Being able to look up a student's course list when they are at the desk.,,-0.798,1.698,S4 Power Instructors
R116,2026-09-14 00:56,bsc,25-29,male,tls,nl,4,17-24,1,0,0,0,0,0,0,6,daily,0,0,0,1,0,phone,lt2,0,1,1,0,0,0,0,0,0,0,0,0,1,0,1,1,1,0,0,0,push,1,0,0,0,1,0,0,5,2,4,5,2,6,4,6,7,5,5,4,2,1,3,5,4,6,Deadline was at 23:59 but the app showed a different time after I came back from holiday. I panicked and submitted at 22:00 just to be safe.,,,-3.667,-0.819,S1 Deadline Sprinters
R117,2026-09-14 01:31,bsc,17-20,male,tisem,nl,5,9-16,1,0,0,0,0,0,0,6,daily,0,0,0,1,0,phone,lt2,1,0,1,0,1,0,0,1,0,0,0,0,0,0,1,1,1,0,0,0,push,0,0,0,0,1,1,0,4,3,3,3,3,4,3,3,6,6,5,2,3,2,1,4,5,6,"Discussion post for the thesis circle counted as an assignment, so it showed up in my grades as 0 for a week and freaked me out.",When the teacher replied to my comment on my submission I saw it immediately in the app,,-2.58,-1.476,S1 Deadline Sprinters
R118,2026-09-14 02:09,msc,21-24,female,tsb,nl,3,9-16,0,0,0,1,0,0,0,5,4-6,1,0,0,0,0,laptop,15-30,1,1,0,1,1,0,1,0,1,0,0,0,0,1,0,0,0,0,1,0,email,2-3,0,0,1,1,0,0,3,7,5,5,4,1,6,5,6,3,5,4,2,4,3,5,1,6,"I wanted to re-watch the part of the Deep Learning lecture about recursion. No chapters, no transcript search, so I scrubbed through 90 minutes.",Reminders for deadlines.,,1.352,1.857,S2 Structured Scholars
R119,2026-09-14 02:46,msc,30-39,male,tisem,nl,3,1-8,0,0,0,1,0,0,0,6,daily,1,0,0,0,0,laptop,gt30,1,1,1,1,1,0,0,0,0,1,0,0,1,0,0,1,0,0,0,0,inapp,2-3,0,1,1,1,0,0,2,6,4,3,3,3,5,2,2,2,4,3,1,3,5,4,2,6,"The grey-on-white text in the To-do list and the tiny date labels are unreadable for me without zooming, and then the layout breaks","Transcripts of the Statistics 2 recordings were edited by the TA, so I could actually search them.",,3.312,0.992,S6 Access-First Learners
R120,2026-09-14 04:55,msc,21-24,male,tsb,eu,5,9-16,1,0,0,0,0,0,0,4,4-6,1,0,0,1,0,phone,5-15,1,1,1,1,1,1,0,0,0,1,1,0,1,0,1,0,1,0,0,0,push,4-6,0,0,1,1,1,0,3,4,6,5,3,3,4,5,6,6,4,3,3,1,2,5,4,6,"Notification said 'new comment on your submission'. I opened it, no comment visible. Had to open it on a laptop to see the feedback.",Checking a grade in 5 seconds while waiting for coffee.,,-1.566,-1.475,S1 Deadline Sprinters
R121,2026-09-14 05:25,bsc,30-39,male,tisem,eu,3,1-8,0,0,0,1,0,0,0,6,4-6,1,1,0,0,0,laptop,gt30,1,1,1,1,1,0,1,0,0,0,1,0,0,1,0,0,0,0,0,0,email,2-3,0,1,0,0,0,0,3,5,5,4,4,2,4,4,2,3,4,1,2,3,4,6,1,5,The rich content editor moves focus when I type in a discussion post; with the screen reader I lose my place every few words.,One lecturer added proper headings and alt text in Constitutional Law; I could navigate the whole course by headings for the first time.,"Accessibility depends entirely on the lecturer. The system should enforce headings, alt text and captions.",2.705,0.767,S6 Access-First Learners
R122,2026-09-14 05:58,lecturer,50+,nonbinary,tsb,nl,3,0,1,0,0,0,0,0,0,2,1,1,1,0,0,0,laptop,5-15,1,0,1,0,0,1,0,0,0,0,0,0,0,0,0,0,0,1,0,0,email,4-6,0,1,0,0,1,0,2,7,3,5,3,4,4,4,6,4,3,1,5,3,4,2,1,6,"A student asked me a question through the Canvas Inbox. I only saw it three weeks later because I read my normal email, not that one.",Grades were visible to students without me having to send them individually.,A simple mode with only the five things I actually do.,2.32,-2.685,S5 Reluctant Instructors
R123,2026-09-14 07:17,bsc,21-24,female,tshd,nl,4,1-8,1,0,0,0,0,0,0,5,several,1,0,0,1,0,phone,lt2,1,0,1,0,1,0,0,0,0,0,0,0,1,0,0,1,1,0,0,0,push,2-3,0,1,0,1,0,0,2,6,6,6,3,3,4,5,5,5,4,4,3,2,1,4,5,6,The To-do list showed 3 items due but two of them were undated things from a course that finished last block. I almost missed the one that mattered,,,-2.311,-0.803,S1 Deadline Sprinters
R124,2026-09-14 07:37,lecturer,40-49,female,tsb,nl,1,17-24,1,0,0,0,0,0,0,7,several,1,1,0,1,0,laptop,gt30,1,1,1,1,0,1,0,1,0,0,0,0,1,0,0,0,0,1,1,0,email,1,0,1,1,0,1,0,5,2,2,5,2,6,6,7,5,2,4,2,3,5,1,2,6,4,Quiz question banks: I edited a question and it silently didn't update in the quiz that already used it.,,Groups that respect sections.,-1.74,1.857,S4 Power Instructors
